Model,Mean CV Accuracy,CV Std,Test Accuracy
Logistic Regression,0.8196213425129087,0.02793179039600795,0.8173076923076923
Decision Tree,0.7187033849684452,0.047582951571003354,0.7115384615384616
Random Forest,0.8051348250143432,0.035811973117570124,0.8173076923076923
XGBoost,0.7907917383820998,0.05056873608828568,0.7884615384615384
Support Vector Machine,0.8172117039586919,0.026247707457085368,0.7884615384615384
K-Nearest Neighbors,0.7212564543889846,0.030688521251050933,0.7019230769230769
